id_school,university_name,world_rank,national_rank,alumni,award,hici,ns,year,,,,
1,Harvard University,1,1,100,100,100,100,2011,,,,
3,Stanford University,2,2,41.2,78.4,88.4,70.2,2011,,,,
123,Massachusetts Institute of Technology (MIT),3,3,72.8,81.9,67.9,70.6,2011,,,,
10,"University of California, Berkeley",4,4,68.3,79.3,70,69.5,2011,,,,
4,University of Cambridge,5,1,87.1,96.7,54.5,54.1,2011,,,,
5,California Institute of Technology,6,5,52.6,68.8,57.3,65,2011,,,,
6,Princeton University,7,6,56.7,87.1,62.1,43.8,2011,,,,
9,Columbia University,8,7,69.6,67.4,57.1,50.8,2011,,,,
11,University of Chicago,9,8,65,83.9,52,40.4,2011,,,,
7,University of Oxford,10,2,55.5,57.6,48.9,49.7,2011,,,,
8,Yale University,11,9,49.6,44.9,59.5,57.4,2011,,,,
19,"University of California, Los Angeles",12,10,30,42.6,57.5,53.1,2011,,,,
12,Cornell University,13,11,42,51.1,54.5,48.3,2011,,,,
13,University of Pennsylvania,14,12,36.3,34.3,57.7,48.8,2011,,,,
20,"University of California, San Diego",15,13,15.6,35.8,61.2,52.4,2011,,,,
124,University of Washington,16,14,24.3,31.7,55,51.9,2011,,,,
24,"University of California, San Francisco",17,15,0,40.1,53.5,54.2,2011,,,,
125,The Johns Hopkins University,18,16,43.2,32.1,42.1,47.9,2011,,,,
126,University of Wisconsin - Madison,19,17,35.3,35.4,52,39.7,2011,,,,
31,University College London,20,3,32.2,32.1,39.5,46.1,2011,,,,
127,The University of Tokyo,21,1,35.3,14.1,42.1,52.7,2011,,,,
128,University of Michigan - Ann Arbor,22,18,36.7,0,60.4,45,2011,,,,
129,Swiss Federal Institute of Technology Zurich,23,1,33.8,36.1,36.4,43.6,2011,,,,
130,"The Imperial College of Science, Technology and Medicine",24,4,16.6,37.2,41.5,39.6,2011,,,,
131,University of Illinois at Urbana-Champaign,25,19,34.3,36.5,43.9,38.2,2011,,,,
35,University of Toronto,26,1,22.8,19.2,38.9,40.6,2011,,,,
17,Kyoto University,27,2,33.8,34.7,39.5,35.5,2011,,,,
49,"University of Minnesota, Twin Cities",28,20,30,16.2,51,36.8,2011,,,,
23,New York University,29,21,32.2,24.4,42.1,39.4,2011,,,,
33,Northwestern University,30,22,17.6,22.1,48.4,37.7,2011,,,,
37,Washington University in St. Louis,31,23,21.2,25.9,38.9,42.6,2011,,,,
132,University of Colorado at Boulder,32,24,14.4,30.7,39.5,42.2,2011,,,,
21,Rockefeller University,33,25,19.5,58.4,28.9,42.5,2011,,,,
40,"University of California, Santa Barbara",33,25,16.6,35.1,42.7,34.8,2011,,,,
27,Duke University,35,27,17.6,0,47,40.9,2011,,,,
133,The University of Texas at Austin,35,27,18.6,16.6,45.6,31.7,2011,,,,
67,University of British Columbia,37,2,17.6,18.9,32.3,31.8,2011,,,,
134,The University of Manchester,38,5,21.2,33.9,28,27.7,2011,,,,
68,"University of Maryland, College Park",38,29,22,19.9,41.5,31,2011,,,,
135,University of Paris Sud (Paris 11),40,1,32.2,53.9,16.1,20.3,2011,,,,
136,Pierre and Marie  Curie University - Paris 6,41,2,35.4,23.5,25,30.1,2011,,,,
36,University of North Carolina at Chapel Hill,42,30,10.2,16.2,39.5,31.8,2011,,,,
93,University of Copenhagen,43,1,25,24.1,25.5,26.3,2011,,,,
70,Karolinska Institute,44,1,25.6,27.2,32.3,21.3,2011,,,,
137,Pennsylvania State University - University Park,45,31,11.8,0,46.2,36.9,2011,,,,
44,University of Southern California,46,32,0,26.7,39.5,26.1,2011,,,,
138,Technical University Munich,47,1,39.9,23.5,25,21.9,2011,,,,
45,"University of California, Davis",48,33,0,0,47.9,33.5,2011,,,,
47,"University of California, Irvine",48,33,0,29.3,36.8,25.9,2011,,,,
99,Utrecht University,48,1,26.3,20.9,29.8,29,2011,,,,
139,The University of Texas Southwestern Medical Center at Dallas,51,35,21.2,33.1,31.5,29.4,2011,,,,
59,Vanderbilt University,52,36,17.6,29.5,31.5,22.1,2011,,,,
140,The University of Edinburgh,53,6,23.5,16.6,27,34.2,2011,,,,
141,University of Munich,54,2,29.4,22.8,16.1,28.2,2011,,,,
43,Carnegie Mellon University,55,37,36.3,32.7,30.6,16.4,2011,,,,
88,University of Zurich,56,2,5.9,26.7,25.5,29.4,2011,,,,
142,The Hebrew University of Jerusalem,57,1,36.7,28.1,25,20,2011,,,,
143,University of Pittsburgh,57,38,21.2,0,42.1,24.2,2011,,,,
144,"Rutgers, The State University of New Jersey - New Brunswick",59,39,11.8,19.9,39.5,26.5,2011,,,,
118,University of Melbourne,60,1,19.5,14.1,25,21.1,2011,,,,
145,Purdue University - West Lafayette,61,40,15.6,23.2,29.8,23.8,2011,,,,
146,University of Heidelberg,62,3,15.6,27,19.1,24.1,2011,,,,
147,The Ohio State University - Columbus,63,41,14.4,0,41.1,26.2,2011,,,,
41,McGill University,64,3,31.1,0,32.3,24.2,2011,,,,
66,Brown University,65,42,16.6,13.6,32.3,29.5,2011,,,,
85,Leiden University,65,2,20.4,15.4,28,22.6,2011,,,,
148,Uppsala University,67,2,20.4,32.1,14.4,22.4,2011,,,,
102,King's College London,68,7,14.4,23,30.6,17.6,2011,,,,
149,Ecole Normale Superieure - Paris,69,3,54.2,24.4,12.5,19.4,2011,,,,
150,The Australian National University,70,2,15.6,12.6,33.9,26.3,2011,,,,
98,University of Bristol,70,8,8.3,17.8,28.4,29.6,2011,,,,
55,University of Florida,72,43,19.5,0,37.5,19.7,2011,,,,
65,University of Geneva,73,3,25,28.1,20.4,25.6,2011,,,,
89,University of Helsinki,74,1,14.4,17.8,23.9,20.8,2011,,,,
91,University of Oslo,75,1,20.4,33.3,17.7,14.9,2011,,,,
62,Boston University,76,44,13.2,11.5,29.8,25.8,2011,,,,
151,Moscow State University,77,1,47.4,34.1,0,10.1,2011,,,,
152,Arizona State University - Tempe,78,45,0,19.9,27,28.8,2011,,,,
38,University of Utah,79,46,0,11.5,30.6,27.6,2011,,,,
50,University of Arizona,80,47,0,0,29.8,37.1,2011,,,,
153,Stockholm University,81,3,24.3,29.5,16.1,19.1,2011,,,,
154,Indiana University Bloomington,82,48,11.8,22.7,26,20.5,2011,,,,
32,Osaka University,82,3,10.2,0,27,28.2,2011,,,,
53,University of Rochester,84,49,28.2,8.9,27,22.8,2011,,,,
97,University of Nottingham,85,9,13.2,19.9,23.9,16.3,2011,,,,
155,Aarhus University,86,2,13.2,22.1,7.2,24.3,2011,,,,
156,The University of Queensland,86,3,14.4,0,20.4,24.4,2011,,,,
157,University of Goettingen,86,4,31.1,19.9,16.1,18.9,2011,,,,
158,Ghent University,89,1,5.9,15.4,17.7,16.8,2011,,,,
159,McMaster University,89,4,14.4,18.9,23.9,16.7,2011,,,,
160,University of Basel,89,4,22,17,23.4,18,2011,,,,
161,Michigan State University,92,50,10.2,0,36.8,19.5,2011,,,,
57,Rice University,93,51,18.6,21.8,21.7,23.2,2011,,,,
74,Nagoya University,94,4,25,14.1,16.1,22.4,2011,,,,
119,University of Bonn,94,5,17.6,19.9,14.4,23.9,2011,,,,
94,University of Sydney,96,4,16.6,0,19.1,19,2011,,,,
78,Case Western Reserve University,97,52,34.8,11.5,21.7,16.6,2011,,,,
162,The University of Sheffield,97,10,20.4,14.1,21,18.7,2011,,,,
79,Tohoku University,97,5,16.6,0,21.7,22.1,2011,,,,
163,Texas A&M University - College Station,100,53,0,0,33.9,19.9,2011,,,,
164,University of Frankfurt,100,6,34.8,8.9,19.1,19.7,2011,,,,
1,Harvard University,1,1,100,100,100,100,2012,,,,
3,Stanford University,2,2,38,79.7,88.9,71.6,2012,,,,
123,Massachusetts Institute of Technology (MIT),3,3,69,83.2,68.2,69.2,2012,,,,
10,"University of California, Berkeley",4,4,67.5,80.9,69.7,68.5,2012,,,,
4,University of Cambridge,5,1,80.3,97.2,54.6,55,2012,,,,
5,California Institute of Technology,6,5,48.5,68.8,57.4,64.8,2012,,,,
6,Princeton University,7,6,52.3,91.3,62.2,44.4,2012,,,,
9,Columbia University,8,7,64.2,68,57.4,51.2,2012,,,,
11,University of Chicago,9,8,61.8,85.3,52.2,40.6,2012,,,,
7,University of Oxford,10,2,51.2,56.6,48.9,52.1,2012,,,,
8,Yale University,11,9,45.7,45.5,59.7,58,2012,,,,
19,"University of California, Los Angeles",12,10,27.7,43.4,57.7,51.5,2012,,,,
12,Cornell University,13,11,38.7,51.3,54.9,47,2012,,,,
13,University of Pennsylvania,14,12,33.4,34.9,57.9,49.3,2012,,,,
20,"University of California, San Diego",15,13,20.3,36.6,60.3,52.8,2012,,,,
124,University of Washington,16,14,22.4,32.5,55.1,51.2,2012,,,,
125,The Johns Hopkins University,17,15,39.9,34.6,42.2,49.9,2012,,,,
24,"University of California, San Francisco",18,16,0,41.2,53.7,54.1,2012,,,,
126,University of Wisconsin - Madison,19,17,32.5,35.9,52.1,39.8,2012,,,,
127,The University of Tokyo,20,1,32.5,14.6,42.5,52,2012,,,,
31,University College London,21,3,29.7,30.4,39.6,44.6,2012,,,,
128,University of Michigan - Ann Arbor,22,18,33.9,0,60.5,44.6,2012,,,,
129,Swiss Federal Institute of Technology Zurich,23,1,31.2,36.6,36.7,44.6,2012,,,,
130,"The Imperial College of Science, Technology and Medicine",24,4,15.3,36.9,41.6,39.6,2012,,,,
131,University of Illinois at Urbana-Champaign,25,19,31.6,37.4,43.3,36.9,2012,,,,
17,Kyoto University,26,2,31.2,35.1,38.9,36.4,2012,,,,
23,New York University,27,20,29.7,32.9,42.2,41,2012,,,,
35,University of Toronto,27,1,21,17.7,39,38.4,2012,,,,
49,"University of Minnesota, Twin Cities",29,21,27.7,16.8,51.1,33.5,2012,,,,
33,Northwestern University,30,22,16.3,22.8,48.5,37.9,2012,,,,
37,Washington University in St. Louis,31,23,19.6,25.7,39,43.7,2012,,,,
21,Rockefeller University,32,24,18,61.6,28.9,41.8,2012,,,,
132,University of Colorado at Boulder,33,25,13.3,31.6,39.6,39.9,2012,,,,
40,"University of California, Santa Barbara",34,26,15.3,36.2,42.7,32.4,2012,,,,
133,The University of Texas at Austin,35,27,17.1,16.8,45.7,34.6,2012,,,,
27,Duke University,36,28,16.3,0,46.5,42.1,2012,,,,
135,University of Paris Sud (Paris 11),37,1,32.1,55.9,16.2,20,2012,,,,
68,"University of Maryland, College Park",38,29,20.3,20.6,41.5,31.9,2012,,,,
67,University of British Columbia,39,2,16.3,19.4,32.4,32.6,2012,,,,
134,The University of Manchester,40,5,19.6,33.6,27.7,25.3,2012,,,,
36,University of North Carolina at Chapel Hill,41,30,9.4,16.8,39.6,30.8,2012,,,,
70,Karolinska Institute,42,1,23.6,27.4,32.4,23.2,2012,,,,
136,Pierre and Marie  Curie University - Paris 6,42,2,32.5,19.4,25.1,31,2012,,,,
93,University of Copenhagen,44,1,23,19.4,25.9,29.3,2012,,,,
47,"University of California, Irvine",45,31,0,30.2,36.9,29.5,2012,,,,
44,University of Southern California,46,32,0,27.4,39.6,26.3,2012,,,,
45,"University of California, Davis",47,33,0,0,47.3,33.9,2012,,,,
139,The University of Texas Southwestern Medical Center at Dallas,48,34,19.6,35.5,30.6,29.5,2012,,,,
137,Pennsylvania State University - University Park,49,35,10.8,0,47.1,34.7,2012,,,,
59,Vanderbilt University,50,36,16.3,29.9,32.4,21.9,2012,,,,
43,Carnegie Mellon University,51,37,33.4,32.5,30.7,16.7,2012,,,,
140,The University of Edinburgh,51,6,21.7,13.7,27.1,34.8,2012,,,,
138,Technical University Munich,53,1,36.8,22.2,24.6,21.3,2012,,,,
142,The Hebrew University of Jerusalem,53,1,33.9,29.1,25.1,23,2012,,,,
99,Utrecht University,53,1,24.3,20.6,29.9,26,2012,,,,
145,Purdue University - West Lafayette,56,38,14.3,23.8,28.9,25.6,2012,,,,
118,University of Melbourne,57,1,18,13.7,24,22.7,2012,,,,
143,University of Pittsburgh,58,39,19.6,0,42.2,23.5,2012,,,,
88,University of Zurich,59,2,5.4,24.7,25.9,29.2,2012,,,,
141,University of Munich,60,2,27.1,19.7,16.2,28.8,2012,,,,
144,"Rutgers, The State University of New Jersey - New Brunswick",61,40,10.8,19.4,38.9,26,2012,,,,
146,University of Heidelberg,62,3,14.3,26.1,19.1,27,2012,,,,
41,McGill University,63,3,32.1,0,31.5,24.6,2012,,,,
150,The Australian National University,64,2,14.3,19.8,32.3,24.4,2012,,,,
66,Brown University,65,41,15.3,13.7,32.4,28.3,2012,,,,
147,The Ohio State University - Columbus,65,41,13.3,0,40.5,25.5,2012,,,,
91,University of Oslo,67,1,18.8,33.6,17.7,15.9,2012,,,,
102,King's College London,68,7,13.3,21.7,30.7,17.7,2012,,,,
65,University of Geneva,69,3,23,29.1,20.5,26.7,2012,,,,
98,University of Bristol,70,8,7.7,16.8,28.9,29.6,2012,,,,
62,Boston University,71,43,12.1,11.9,29.8,26.6,2012,,,,
55,University of Florida,72,44,18,0,37.4,20,2012,,,,
149,Ecole Normale Superieure - Paris,73,3,50,24.4,12.4,17.4,2012,,,,
85,Leiden University,73,2,18.8,9.7,28.9,22.2,2012,,,,
89,University of Helsinki,73,1,13.3,16.8,24,20,2012,,,,
148,Uppsala University,73,2,18.8,28.3,14.5,22,2012,,,,
50,University of Arizona,77,45,15.3,0,29.8,35.9,2012,,,,
165,Technion-Israel Institute of Technology,78,2,21,38.8,16.2,16.9,2012,,,,
152,Arizona State University - Tempe,79,46,0,20.6,27.1,29.2,2012,,,,
151,Moscow State University,80,1,43.7,34.1,0,9.1,2012,,,,
153,Stockholm University,81,3,25.4,28.3,16.2,19.8,2012,,,,
38,University of Utah,82,47,0,11.9,30.7,25.9,2012,,,,
32,Osaka University,83,3,9.4,0,27.1,28.7,2012,,,,
154,Indiana University Bloomington,84,48,10.8,22.2,27.1,21.1,2012,,,,
160,University of Basel,85,4,20.3,16.8,24.9,17.9,2012,,,,
155,Aarhus University,86,2,12.1,22.8,7.2,23.9,2012,,,,
97,University of Nottingham,86,9,12.1,20.6,24,17.7,2012,,,,
53,University of Rochester,86,49,26,7.9,28,22.4,2012,,,,
158,Ghent University,89,1,5.4,13.7,17.7,18.7,2012,,,,
156,The University of Queensland,90,3,13.3,0,21.7,23.1,2012,,,,
57,Rice University,91,50,17.1,22.4,21.5,23.9,2012,,,,
159,McMaster University,92,4,13.3,19.4,24,15.6,2012,,,,
163,Texas A&M University - College Station,93,51,0,0,33.9,22.5,2012,,,,
94,University of Sydney,93,4,15.3,0,19.1,18.7,2012,,,,
18,Weizmann Institute of Science,93,3,13.3,16.8,24,32,2012,,,,
161,Michigan State University,96,52,9.4,0,36.9,16.3,2012,,,,
74,Nagoya University,96,4,23,14.6,16.2,21.5,2012,,,,
166,The University of Western Australia,96,5,14.3,14.6,25.8,13.3,2012,,,,
78,Case Western Reserve University,99,53,32.1,11.2,21.7,18.7,2012,,,,
167,University of Freiburg,99,4,19.6,19.4,15.9,24,2012,,,,
1,Harvard University,1,1,100,100,100,100,2013,,,,
3,Stanford University,2,2,40,80.7,88.9,68.7,2013,,,,
10,"University of California, Berkeley",3,3,67.8,79,69.7,68.5,2013,,,,
123,Massachusetts Institute of Technology (MIT),4,4,68,81.3,68.2,69.7,2013,,,,
4,University of Cambridge,5,1,79.1,97.3,54.6,54,2013,,,,
5,California Institute of Technology,6,5,47.8,67.2,57.4,62,2013,,,,
6,Princeton University,7,6,52.9,89.2,62.2,45.8,2013,,,,
9,Columbia University,8,7,66.1,66.4,57.4,49.8,2013,,,,
11,University of Chicago,9,8,60.9,83.4,52.2,41.9,2013,,,,
7,University of Oxford,10,2,51.8,55.3,48.9,51.3,2013,,,,
8,Yale University,11,9,47.5,44.5,59.7,60.7,2013,,,,
19,"University of California, Los Angeles",12,10,27.3,47.4,57.7,51.7,2013,,,,
12,Cornell University,13,11,38.2,50.2,54.9,45,2013,,,,
20,"University of California, San Diego",14,12,20,35.8,60.3,55.5,2013,,,,
13,University of Pennsylvania,15,13,33,34.1,57.9,47.4,2013,,,,
124,University of Washington,16,14,22,31.8,55.1,52.3,2013,,,,
125,The Johns Hopkins University,17,15,39.3,33.9,42.2,49.7,2013,,,,
24,"University of California, San Francisco",18,16,0,40.2,53.7,54.1,2013,,,,
126,University of Wisconsin - Madison,19,17,32.1,35,52.1,39.3,2013,,,,
129,Swiss Federal Institute of Technology Zurich,20,1,30.7,35.8,36.7,46.6,2013,,,,
127,The University of Tokyo,21,1,32.1,14.2,42.5,50,2013,,,,
31,University College London,21,3,29.3,29.7,39.6,42.1,2013,,,,
128,University of Michigan - Ann Arbor,23,18,33.4,0,60.5,42,2013,,,,
130,"The Imperial College of Science, Technology and Medicine",24,4,15.1,36.1,41.6,39,2013,,,,
131,University of Illinois at Urbana-Champaign,25,19,31.2,36.5,43.3,35.9,2013,,,,
17,Kyoto University,26,2,30.7,37.5,38.9,35.1,2013,,,,
23,New York University,27,20,29.3,32.2,42.2,40.8,2013,,,,
35,University of Toronto,28,1,20.7,17.3,39,38.2,2013,,,,
49,"University of Minnesota, Twin Cities",29,21,27.3,16.4,51.1,34.7,2013,,,,
33,Northwestern University,30,22,16,22.2,48.5,39.1,2013,,,,
27,Duke University,31,23,16,15,46.5,42.8,2013,,,,
37,Washington University in St. Louis,32,24,19.3,25.1,39,44.2,2013,,,,
132,University of Colorado at Boulder,33,25,13.1,34.3,39.6,39.2,2013,,,,
21,Rockefeller University,34,26,17.7,60.2,28.9,43.1,2013,,,,
40,"University of California, Santa Barbara",35,27,15.1,35.4,42.7,30.9,2013,,,,
133,The University of Texas at Austin,36,28,16.9,16.4,45.7,34.9,2013,,,,
136,Pierre and Marie  Curie University - Paris 6,37,1,35.1,27.6,25.1,30.8,2013,,,,
68,"University of Maryland, College Park",38,29,20,20.1,41.5,31.5,2013,,,,
135,University of Paris Sud (Paris 11),39,2,31.6,54.7,16.2,19.7,2013,,,,
67,University of British Columbia,40,2,16,19,32.4,31.9,2013,,,,
134,The University of Manchester,41,5,19.3,32.8,27.7,26,2013,,,,
93,University of Copenhagen,42,1,22.7,19,25.9,30.3,2013,,,,
36,University of North Carolina at Chapel Hill,43,30,9.3,16.4,39.6,32.8,2013,,,,
70,Karolinska Institute,44,1,23.3,26.8,32.4,20.9,2013,,,,
47,"University of California, Irvine",45,31,0,29.5,36.9,30.7,2013,,,,
139,The University of Texas Southwestern Medical Center at Dallas,46,32,19.3,34.7,30.6,32.9,2013,,,,
45,"University of California, Davis",47,33,0,0,47.3,33.6,2013,,,,
44,University of Southern California,47,33,0,26.8,39.6,25.1,2013,,,,
59,Vanderbilt University,49,35,16,29.2,32.4,21,2013,,,,
138,Technical University Munich,50,1,36.3,21.7,24.6,22.4,2013,,,,
140,The University of Edinburgh,51,6,21.4,13.4,27.1,33.6,2013,,,,
43,Carnegie Mellon University,52,36,33,31.8,30.7,18.1,2013,,,,
99,Utrecht University,52,1,23.9,20.1,29.9,25.9,2013,,,,
137,Pennsylvania State University - University Park,54,37,10.7,0,47.1,31.4,2013,,,,
146,University of Heidelberg,54,2,14.1,25.5,19.1,28.5,2013,,,,
118,University of Melbourne,54,1,17.7,13.4,24,24.4,2013,,,,
145,Purdue University - West Lafayette,57,38,14.1,23.2,28.9,26.7,2013,,,,
41,McGill University,58,3,31.6,0,31.5,26.1,2013,,,,
142,The Hebrew University of Jerusalem,59,1,33.4,28.4,25.1,21.5,2013,,,,
88,University of Zurich,60,2,5.3,24.2,25.9,28.1,2013,,,,
144,"Rutgers, The State University of New Jersey - New Brunswick",61,39,10.7,19,38.9,26.2,2013,,,,
141,University of Munich,61,3,26.7,19.3,16.2,28.1,2013,,,,
143,University of Pittsburgh,61,39,19.3,0,42.2,21.8,2013,,,,
98,University of Bristol,64,7,7.6,16.4,28.9,32.8,2013,,,,
147,The Ohio State University - Columbus,65,41,13.1,0,40.5,25.9,2013,,,,
150,The Australian National University,66,2,14.1,19.4,32.3,24,2013,,,,
66,Brown University,67,42,15.1,13.4,32.4,27.7,2013,,,,
102,King's College London,67,8,13.1,21.2,30.7,17.4,2013,,,,
65,University of Geneva,69,3,22.7,28.4,20.5,27.9,2013,,,,
91,University of Oslo,69,1,18.5,32.8,17.7,16.5,2013,,,,
149,Ecole Normale Superieure - Paris,71,3,51,28.2,12.4,16.7,2013,,,,
55,University of Florida,71,43,17.7,0,37.4,22.5,2013,,,,
148,Uppsala University,73,2,18.5,27.6,14.5,24.7,2013,,,,
85,Leiden University,74,2,18.5,9.5,28.9,23,2013,,,,
62,Boston University,75,44,12,11.6,29.8,24.7,2013,,,,
89,University of Helsinki,76,1,13.1,16.4,24,19.9,2013,,,,
165,Technion-Israel Institute of Technology,77,2,20.7,37.9,16.2,16.8,2013,,,,
50,University of Arizona,78,45,15.1,0,29.8,32.4,2013,,,,
152,Arizona State University - Tempe,79,46,0,20.1,27.1,27.5,2013,,,,
151,Moscow State University,79,1,43.1,33.3,0,8.8,2013,,,,
155,Aarhus University,81,2,12,22.2,7.2,25.6,2013,,,,
153,Stockholm University,82,3,25.1,27.6,16.2,19.1,2013,,,,
160,University of Basel,83,4,20,16.4,24.9,18.6,2013,,,,
97,University of Nottingham,83,9,12,20.1,24,17.9,2013,,,,
158,Ghent University,85,1,5.3,13.4,17.7,19.6,2013,,,,
154,Indiana University Bloomington,85,47,10.7,21.7,27.1,20.4,2013,,,,
32,Osaka University,85,3,9.3,0,27.1,29,2013,,,,
156,The University of Queensland,85,3,13.1,0,21.7,22.5,2013,,,,
38,University of Utah,85,47,0,11.6,30.7,26.9,2013,,,,
53,University of Rochester,90,49,25.6,7.7,28,22.6,2013,,,,
166,The University of Western Australia,91,4,14.1,14.2,25.8,14.8,2013,,,,
159,McMaster University,92,4,13.1,19,24,16,2013,,,,
161,Michigan State University,92,50,9.3,0,36.9,18.7,2013,,,,
57,Rice University,92,50,16.9,21.9,21.5,24.1,2013,,,,
168,University of Groningen,92,3,0,19,17.7,18.7,2013,,,,
18,Weizmann Institute of Science,92,3,13.1,16.4,24,33.5,2013,,,,
169,University of Strasbourg,97,4,26.2,26.3,17.7,18.5,2013,,,,
94,University of Sydney,97,5,15.1,0,19.1,19.2,2013,,,,
1,Harvard University,1,1,100,100,100,100,2014,,,,
3,Stanford University,2,2,41.8,82.8,79.8,71.1,2014,,,,
123,Massachusetts Institute of Technology (MIT),3,3,68.4,80.7,60.6,73.6,2014,,,,
170,University of California-Berkeley,4,4,66.8,79.4,65.3,67.5,2014,,,,
4,University of Cambridge,5,1,79.1,96.6,50.8,56.2,2014,,,,
6,Princeton University,6,5,52.1,88.5,57.1,46.2,2014,,,,
5,California Institute of Technology,7,6,48.5,66.7,49.3,60,2014,,,,
9,Columbia University,8,7,65.1,65.9,51.6,55,2014,,,,
11,University of Chicago,9,8,61.4,86.3,48.4,43,2014,,,,
7,University of Oxford,9,2,51,54.9,52.8,52.7,2014,,,,
8,Yale University,11,9,48.8,50.4,51,61.5,2014,,,,
19,"University of California, Los Angeles",12,10,30.2,47.1,52.8,50.9,2014,,,,
12,Cornell University,13,11,37.6,49.8,50.4,46.9,2014,,,,
20,"University of California, San Diego",14,12,19.7,35.5,56.1,55.7,2014,,,,
124,University of Washington,15,13,21.7,31.6,53,53.1,2014,,,,
13,University of Pennsylvania,16,14,32.4,33.8,49.6,44.6,2014,,,,
125,The Johns Hopkins University,17,15,38.7,33.6,44,47.8,2014,,,,
24,"University of California, San Francisco",18,16,0,39.9,46.8,56.5,2014,,,,
129,Swiss Federal Institute of Technology Zurich,19,1,30.2,35.5,38.4,46.7,2014,,,,
31,University College London,20,3,28.8,29.5,39.2,40.7,2014,,,,
127,The University of Tokyo,21,1,31.6,14.1,40.6,52.6,2014,,,,
130,"The Imperial College of Science, Technology and Medicine",22,4,14.9,35.8,43.7,38,2014,,,,
171,University of Michigan-Ann Arbor,22,17,35.3,0,56.2,42.4,2014,,,,
35,University of Toronto,24,1,20.4,17.2,38.8,42.2,2014,,,,
126,University of Wisconsin - Madison,24,18,31.6,34.8,40.2,37.4,2014,,,,
17,Kyoto University,26,2,30.2,37.2,34.4,35,2014,,,,
23,New York University,27,19,28.8,31.9,36.1,42.4,2014,,,,
33,Northwestern University,28,20,15.8,22.1,50.3,39.5,2014,,,,
131,University of Illinois at Urbana-Champaign,28,20,30.7,36.2,35.8,36,2014,,,,
49,"University of Minnesota, Twin Cities",30,22,30.2,16.3,47.3,34.5,2014,,,,
27,Duke University,31,23,15.8,14.9,50.2,40.6,2014,,,,
37,Washington University in St. Louis,32,24,19,24.9,40.7,44.2,2014,,,,
21,Rockefeller University,33,25,17.5,59.8,30.3,44.2,2014,,,,
132,University of Colorado at Boulder,34,26,12.9,34.1,37.1,40.1,2014,,,,
136,Pierre and Marie  Curie University - Paris 6,35,1,34.5,27.4,25.8,30.2,2014,,,,
36,University of North Carolina at Chapel Hill,36,27,9.1,16.3,40.4,36.3,2014,,,,
67,University of British Columbia,37,2,15.8,18.8,34.2,34,2014,,,,
134,The University of Manchester,38,5,19,32.6,28,28.2,2014,,,,
133,The University of Texas at Austin,39,28,16.6,16.3,38.6,36.3,2014,,,,
93,University of Copenhagen,39,1,22.3,18.8,27.1,32,2014,,,,
40,"University of California, Santa Barbara",41,29,14.9,35.1,38.7,28.8,2014,,,,
135,University of Paris Sud (Paris 11),42,2,31.1,54.3,16.8,18.5,2014,,,,
68,"University of Maryland, College Park",43,30,19.7,20,31.9,32.5,2014,,,,
172,The University of Melbourne,44,1,17.5,13.3,29.3,26.7,2014,,,,
140,The University of Edinburgh,45,6,21.1,24.9,25.8,32.5,2014,,,,
139,The University of Texas Southwestern Medical Center at Dallas,45,31,19,34.5,30.3,37.2,2014,,,,
70,Karolinska Institute,47,1,22.9,26.6,24.8,22.4,2014,,,,
47,"University of California, Irvine",47,32,0,29.3,35,31.5,2014,,,,
173,Heidelberg University,49,1,13.9,25.3,23.7,27.5,2014,,,,
141,University of Munich,49,1,26.3,19.1,20.3,31.7,2014,,,,
44,University of Southern California,51,33,0,31.7,34.8,22.8,2014,,,,
144,"Rutgers, The State University of New Jersey - New Brunswick",52,34,10.5,18.8,34.5,30.1,2014,,,,
138,Technical University Munich,53,3,35.7,21.6,22.3,23.7,2014,,,,
59,Vanderbilt University,54,35,15.8,29,28.4,22.8,2014,,,,
45,"University of California, Davis",55,36,0,0,41,35.1,2014,,,,
88,University of Zurich,56,2,5.3,24,27.1,29.3,2014,,,,
99,Utrecht University,57,1,23.5,20,30,24.6,2014,,,,
137,Pennsylvania State University - University Park,58,37,10.5,0,42.3,33,2014,,,,
102,King's College London,59,7,21.7,21,27.6,19.3,2014,,,,
145,Purdue University - West Lafayette,60,38,13.9,23.1,27.7,25.8,2014,,,,
148,Uppsala University,60,2,18.2,27.4,18.4,25.8,2014,,,,
43,Carnegie Mellon University,62,39,32.4,31.6,28.6,15.6,2014,,,,
98,University of Bristol,63,8,7.4,16.3,25.7,34.2,2014,,,,
147,The Ohio State University - Columbus,64,40,12.9,0,38.3,25.5,2014,,,,
174,University of Pittsburgh-Pittsburgh Campus,65,41,19,0,39.8,19.2,2014,,,,
65,University of Geneva,66,3,22.3,28.2,18.9,29,2014,,,,
149,Ecole Normale Superieure - Paris,67,3,50.2,28,11.2,16.8,2014,,,,
41,McGill University,67,3,31.1,0,22.8,27.1,2014,,,,
91,University of Oslo,69,1,18.2,32.6,15.9,16.5,2014,,,,
158,Ghent University,70,1,5.3,13.3,26.9,19.6,2014,,,,
142,The Hebrew University of Jerusalem,70,1,32.9,28.2,19.6,21.3,2014,,,,
62,Boston University,72,42,11.8,11.5,29.9,27,2014,,,,
89,University of Helsinki,73,1,12.9,16.3,24.2,20,2014,,,,
155,Aarhus University,74,2,11.8,22.1,12.3,26.7,2014,,,,
66,Brown University,74,43,14.9,13.3,26.2,26.7,2014,,,,
150,The Australian National University,74,2,13.9,19.2,24.8,22.8,2014,,,,
85,Leiden University,77,2,18.2,9.4,25.7,23.7,2014,,,,
32,Osaka University,78,3,9.1,0,30.9,29.9,2014,,,,
153,Stockholm University,78,3,24.7,27.4,18.1,20.3,2014,,,,
165,Technion-Israel Institute of Technology,78,2,24.1,37.6,15.2,19.1,2014,,,,
55,University of Florida,78,44,17.5,0,30.9,22,2014,,,,
57,Rice University,82,45,16.6,21.7,28.1,24.6,2014,,,,
168,University of Groningen,82,3,0,18.8,23,19.9,2014,,,,
151,Moscow State University,84,1,42.4,33,0,9.7,2014,,,,
156,The University of Queensland,85,3,12.9,0,22,21.7,2014,,,,
50,University of Arizona,86,46,14.9,0,27.2,30.7,2014,,,,
38,University of Utah,87,47,0,11.5,26.5,27.2,2014,,,,
80,Arizona State University,88,48,0,20,22.2,27.3,2014,,,,
166,The University of Western Australia,88,4,13.9,14.1,22.9,15.3,2014,,,,
159,McMaster University,90,4,12.9,18.8,23.2,15.5,2014,,,,
160,University of Basel,90,4,19.7,16.3,17.4,20.8,2014,,,,
53,University of Rochester,90,49,25.2,7.7,25.2,24,2014,,,,
175,"University of California, Santa Cruz",93,50,0,0,37.9,34.3,2014,,,,
119,University of Bonn,94,4,15.8,19.8,17.4,21.9,2014,,,,
169,University of Strasbourg,95,4,25.8,28.8,13.9,17.7,2014,,,,
176,KU Leuven,96,2,0,0,29.5,19.1,2014,,,,
177,Swiss Federal Institute of Technology Lausanne,96,5,0,0,26.1,29.5,2014,,,,
178,Texas A & M University,96,51,0,0,34.3,23.2,2014,,,,
87,Georgia Institute of Technology,99,52,12.9,0,31,22.2,2014,,,,
179,VU University Amsterdam,100,4,0,0,27.8,17.5,2014,,,,
1,Harvard University,1,1,100,100,100,100,2015,,,,
3,Stanford University,2,2,40.7,89.6,80.1,70.1,2015,,,,
123,Massachusetts Institute of Technology (MIT),3,3,68.2,80.7,60.6,73.1,2015,,,,
10,"University of California, Berkeley",4,4,65.1,79.4,66.1,65.6,2015,,,,
4,University of Cambridge,5,1,77.1,96.6,50.8,55.6,2015,,,,
6,Princeton University,6,5,53.3,93.4,57.1,43,2015,,,,
5,California Institute of Technology,7,6,49.5,66.7,49.3,56.4,2015,,,,
9,Columbia University,8,7,63.5,65.9,52.1,51.9,2015,,,,
11,University of Chicago,9,8,59.8,86.3,49,42.9,2015,,,,
7,University of Oxford,10,2,49.7,54.9,52.3,51.9,2015,,,,
8,Yale University,11,9,47.6,50.4,51,58.8,2015,,,,
19,"University of California, Los Angeles",12,10,29.5,47.1,52.3,47.2,2015,,,,
12,Cornell University,13,11,42,49.8,50.4,45.3,2015,,,,
20,"University of California, San Diego",14,12,19.2,35.5,56.6,55.1,2015,,,,
124,University of Washington,15,13,21.2,31.6,53,51.7,2015,,,,
15,Johns Hopkins University,16,14,37.7,33.6,44,44.9,2015,,,,
13,University of Pennsylvania,17,15,31.6,33.8,49.6,39.6,2015,,,,
31,University College London,18,3,28.1,36.2,38.5,40.6,2015,,,,
24,"University of California, San Francisco",18,16,0,39.9,46.8,53.5,2015,,,,
129,Swiss Federal Institute of Technology Zurich,20,1,29.5,35.5,38.4,45.9,2015,,,,
127,The University of Tokyo,21,1,30.8,14.1,41.9,48.6,2015,,,,
171,University of Michigan-Ann Arbor,22,17,34.4,0,56.2,41.3,2015,,,,
130,"The Imperial College of Science, Technology and Medicine",23,4,14.5,35.8,44.2,34.5,2015,,,,
126,University of Wisconsin - Madison,24,18,30.8,34.8,40.2,35.7,2015,,,,
35,University of Toronto,25,1,19.9,17.2,38.8,38.6,2015,,,,
17,Kyoto University,26,2,31.6,37.2,33.6,32.6,2015,,,,
23,New York University,27,19,28.1,31.9,35.2,40.3,2015,,,,
33,Northwestern University,27,19,15.4,22.1,50.3,37,2015,,,,
131,University of Illinois at Urbana-Champaign,29,21,29.9,36.2,34.9,32.4,2015,,,,
49,"University of Minnesota, Twin Cities",30,22,29.5,16.3,47.3,32.5,2015,,,,
27,Duke University,31,23,15.4,14.9,50.2,39,2015,,,,
37,Washington University in St. Louis,32,24,22.9,24.9,40.7,41.8,2015,,,,
21,Rockefeller University,33,25,17,59.8,30.3,40.9,2015,,,,
132,University of Colorado at Boulder,34,26,12.6,34.1,37.1,36,2015,,,,
93,University of Copenhagen,35,1,21.8,18.8,28,34,2015,,,,
136,Pierre and Marie  Curie University - Paris 6,36,1,33.6,27.4,25.8,29.8,2015,,,,
133,The University of Texas at Austin,37,27,16.2,16.3,38.6,37.5,2015,,,,
40,"University of California, Santa Barbara",38,28,14.5,39.1,38.7,27.5,2015,,,,
36,University of North Carolina at Chapel Hill,39,29,8.9,16.3,39.8,33.5,2015,,,,
67,University of British Columbia,40,2,15.4,18.8,32.8,32,2015,,,,
134,The University of Manchester,41,5,18.5,32.6,27.1,26.1,2015,,,,
180,University of Paris-Sud (Paris 11),41,2,30.3,54.3,16.8,17.4,2015,,,,
68,"University of Maryland, College Park",43,30,19.2,20,33,31.6,2015,,,,
172,The University of Melbourne,44,1,17,13.3,28.6,25.3,2015,,,,
139,The University of Texas Southwestern Medical Center at Dallas,44,31,18.5,34.5,31.1,35.6,2015,,,,
173,Heidelberg University,46,1,19.9,25.3,23.7,29.4,2015,,,,
140,The University of Edinburgh,47,6,20.5,24.9,25.8,30.5,2015,,,,
70,Karolinska Institute,48,1,22.4,26.6,24.8,23.5,2015,,,,
44,University of Southern California,49,32,0,31.7,35.6,22.1,2015,,,,
47,"University of California, Irvine",50,33,0,29.3,34.3,28.9,2015,,,,
138,Technical University Munich,51,2,34.8,21.6,22.3,23.2,2015,,,,
141,University of Munich,52,3,25.6,19.1,20.3,28.9,2015,,,,
59,Vanderbilt University,53,34,15.4,29,28.4,21.8,2015,,,,
88,University of Zurich,54,2,5.1,24,27.1,29,2015,,,,
102,King's College London,55,7,21.2,21,29.5,18.2,2015,,,,
99,Utrecht University,56,1,22.9,20,29.1,25.4,2015,,,,
45,"University of California, Davis",57,35,0,0,41,33,2015,,,,
65,University of Geneva,58,3,27.1,28.2,21.4,27.6,2015,,,,
91,University of Oslo,58,1,28.1,32.6,15.9,18.2,2015,,,,
137,Pennsylvania State University - University Park,60,36,10.3,0,41.6,31.6,2015,,,,
43,Carnegie Mellon University,61,37,31.6,31.6,28.6,15.2,2015,,,,
145,Purdue University - West Lafayette,61,37,13.6,23.1,27.7,25.1,2015,,,,
148,Uppsala University,61,2,17.8,27.4,18.4,24.6,2015,,,,
41,McGill University,64,3,32.8,0,22.8,27.3,2015,,,,
144,"Rutgers, The State University of New Jersey - New Brunswick",64,39,10.3,18.8,34.5,24.8,2015,,,,
98,University of Bristol,66,8,7.3,16.3,25.7,32.4,2015,,,,
142,The Hebrew University of Jerusalem,67,1,32,28.2,19.6,21.5,2015,,,,
147,The Ohio State University - Columbus,67,40,12.6,0,38.3,22.8,2015,,,,
89,University of Helsinki,67,1,12.6,16.3,25.2,22.4,2015,,,,
181,"University of Pittsburgh, Pittsburgh Campus",70,41,18.5,0,39.8,19.2,2015,,,,
158,Ghent University,71,1,5.1,13.3,26.9,18.3,2015,,,,
149,Ecole Normale Superieure - Paris,72,3,48.9,28,6.2,19.5,2015,,,,
155,Aarhus University,73,2,11.5,22.1,12.3,25.8,2015,,,,
62,Boston University,73,42,11.5,11.5,29.1,26.3,2015,,,,
66,Brown University,75,43,14.5,13.3,26.2,25.1,2015,,,,
168,University of Groningen,75,2,0,18.8,23,21,2015,,,,
74,Nagoya University,77,3,29,25.3,16.8,17.7,2015,,,,
153,Stockholm University,77,3,24.1,27.4,18.1,19.4,2015,,,,
165,Technion-Israel Institute of Technology,77,2,23.5,37.6,15.2,18.3,2015,,,,
150,The Australian National University,77,2,13.6,19.2,24.8,20.1,2015,,,,
156,The University of Queensland,77,2,12.6,0,22,24,2015,,,,
85,Leiden University,82,3,17.8,9.4,25.7,22,2015,,,,
55,University of Florida,83,44,17,0,30.9,21,2015,,,,
57,Rice University,84,45,16.2,21.7,28.1,22.8,2015,,,,
32,Osaka University,85,4,8.9,0,31.6,26.7,2015,,,,
151,Moscow State University,86,1,41.4,33,0,7.7,2015,,,,
166,The University of Western Australia,87,4,13.6,14.1,24.1,14.5,2015,,,,
160,University of Basel,87,4,19.2,16.3,17.4,21.4,2015,,,,
169,University of Strasbourg,87,4,25.1,28.8,15.9,19,2015,,,,
176,KU Leuven,90,2,0,0,30.1,18.6,2015,,,,
50,University of Arizona,90,46,14.5,0,27.2,27.5,2015,,,,
182,University of Warwick,92,9,0,29.8,23.7,14,2015,,,,
80,Arizona State University,93,47,0,20,22.2,25.5,2015,,,,
175,"University of California, Santa Cruz",93,47,0,0,37.9,33.9,2015,,,,
38,University of Utah,93,47,0,11.5,26.5,25.5,2015,,,,
159,McMaster University,96,4,12.6,18.8,23.2,15.1,2015,,,,
119,University of Bonn,97,4,15.4,19.8,17.4,21.1,2015,,,,
179,VU University Amsterdam,98,4,0,0,27.8,18,2015,,,,
161,Michigan State University,99,50,8.9,0,30.7,21.8,2015,,,,
183,Texas A&M University,100,51,0,0,34.3,22.7,2015,,,,
